deal_name,cusip,class_name,payment_date,original_principal_balance_$,prior_principal_balance_$,prior_principal_balance_factor,current_principal_balance_$,current_principal_balance_factor,interest_paid_$,interest_paid_factor,principal_paid_$,principal_paid_factor,deferred_interest_$,deferred_interest_factor,principal_balance_adjustment_$,principal_balance_adjustment_factor,current_pass-thru_rate,next_pass-thru_rate,other,import_date
CMLT06AMC1,17309PAS5,a1,2006-10-25,602007000.0,602007000.0,1000,588568707.6,977.6775148,2469169.34,4.10156251,13438292.38,22.32248525,0,0,0,0,5.46875,5.465,,2022-11-23
CMLT06AMC1,17309PAA4,a2a,2006-10-25,208254000.0,208254000.0,1000,198702661.8,954.1361118,840890.6,4.03781248,9551338.17,45.86388818,0,0,0,0,5.38375,5.38,,2022-11-23
CMLT06AMC1,17309PAB2,a2b,2006-10-25,169186000.0,169186000.0,1000,169186000.0,1000.0,695830.3,4.11281253,0.0,0.0,0,0,0,0,5.48375,5.48,,2022-11-23
CMLT06AMC1,17309PAC0,a2c,2006-10-25,7144000.0,7144000.0,1000,7144000.0,1000.0,29917.73,4.18781215,0.0,0.0,0,0,0,0,5.58375,5.58,,2022-11-23
CMLT06AMC1,17309PAP1,ce,2006-10-25,25602284.29,25602284.29,1000,25601432.88,999.9667448,3068895.1,119.868019,851.41,0.03325524,0,0,0,0,143.89615,,,2022-11-23
CMLT06AMC1,17309PAD8,m1,2006-10-25,44334000.0,44334000.0,1000,44334000.0,1000.0,186659.99,4.2103124,0.0,0.0,0,0,0,0,5.61375,5.61,,2022-11-23
CMLT06AMC1,17309PAT3,m10,2006-10-25,9991000.0,9991000.0,1000,9991000.0,1000.0,58625.31,5.86781203,0.0,0.0,0,0,0,0,7.82375,7.82,,2022-11-23
CMLT06AMC1,17309PAU0,m11,2006-10-25,12488000.0,12488000.0,1000,12488000.0,1000.0,73277.24,5.8678123,0.0,0.0,0,0,0,0,7.82375,7.82,,2022-11-23
CMLT06AMC1,17309PAE6,m2,2006-10-25,51827000.0,51827000.0,1000,51827000.0,1000.0,218985.27,4.22531248,0.0,0.0,0,0,0,0,5.63375,5.63,,2022-11-23
CMLT06AMC1,17309PAF3,m3,2006-10-25,21231000.0,21231000.0,1000,21231000.0,1000.0,90185.31,4.24781263,0.0,0.0,0,0,0,0,5.66375,5.66,,2022-11-23
CMLT06AMC1,17309PAG1,m4,2006-10-25,17484000.0,17484000.0,1000,17484000.0,1000.0,75055.53,4.29281229,0.0,0.0,0,0,0,0,5.72375,5.72,,2022-11-23
CMLT06AMC1,17309PAH9,m5,2006-10-25,22479000.0,22479000.0,1000,22479000.0,1000.0,97341.09,4.33031229,0.0,0.0,0,0,0,0,5.77375,5.77,,2022-11-23
CMLT06AMC1,17309PAJ5,m6,2006-10-25,14362000.0,14362000.0,1000,14362000.0,1000.0,63269.1,4.40531263,0.0,0.0,0,0,0,0,5.87375,5.87,,2022-11-23
CMLT06AMC1,17309PAK2,m7,2006-10-25,16860000.0,16860000.0,1000,16860000.0,1000.0,77687.72,4.60781257,0.0,0.0,0,0,0,0,6.14375,6.14,,2022-11-23
CMLT06AMC1,17309PAL0,m8,2006-10-25,9366000.0,9366000.0,1000,9366000.0,1000.0,44772.41,4.78031283,0.0,0.0,0,0,0,0,6.37375,6.37,,2022-11-23
CMLT06AMC1,17309PAM8,m9,2006-10-25,16235000.0,16235000.0,1000,16235000.0,1000.0,91002.25,5.6053126,0.0,0.0,0,0,0,0,7.47375,7.47,,2022-11-23
CMLT06AMC1,17309PAN6,p,2006-10-25,100.0,100.0,1000,100.0,1000.0,195474.84,1954748.4,0.0,0.0,0,0,0,0,0.0,,,2022-11-23
CMLT06AMC1,17309PAQ9,r,2006-10-25,0.0,0.0,0,0.0,0.0,0.0,0.0,0.0,0.0,0,0,0,0,0.0,,,2022-11-23
CMLT06AMC1,17309PAR7,rx,2006-10-25,0.0,0.0,0,0.0,0.0,0.0,0.0,0.0,0.0,0,0,0,0,0.0,,,2022-11-23
CMLT05WF2,17307GVX3,mv2,2006-10-25,6479000.0,6479000.0,1000,6479000.0,1000.0,31207.18,4.81666615,0.0,0.0,0,0,0,0,5.78,,,2022-11-23
CMLT05WF2,17307GVY1,mv3,2006-10-25,3738000.0,3738000.0,1000,3738000.0,1000.0,18565.4,4.96666667,0.0,0.0,0,0,0,0,5.96,,,2022-11-23
CMLT05WF2,17307GVZ8,mv4,2006-10-25,2492000.0,2492000.0,1000,2492000.0,1000.0,12522.3,5.025,0.0,0.0,0,0,0,0,6.03,,,2022-11-23
CMLT05WF2,17307GWA2,mv5,2006-10-25,2492000.0,2492000.0,1000,2492000.0,1000.0,13394.5,5.375,0.0,0.0,0,0,0,0,6.41358129,,,2022-11-23
CMLT05WF2,17307GWB0,mv6,2006-10-25,2243000.0,2243000.0,1000,2243000.0,1000.0,12299.11,5.48333036,0.0,0.0,0,0,0,0,6.41358129,,,2022-11-23
CMLT05WF2,17307GWC8,mv7,2006-10-25,1495000.0,1495000.0,1000,1495000.0,1000.0,9131.95,6.10832776,0.0,0.0,0,0,0,0,6.41358129,,,2022-11-23
CMLT05WF2,1729819C8,p1,2006-10-25,100.0,100.0,1000,100.0,1000.0,69738.84,697388.4,0.0,0.0,0,0,0,0,0.0,,,2022-11-23
CMLT05WF2,1729819F1,p2,2006-10-25,100.0,100.0,1000,100.0,1000.0,29463.47,294634.7,0.0,0.0,0,0,0,0,0.0,,,2022-11-23
CMLT05WF2,1729819D6,r1,2006-10-25,0.0,0.0,0,0.0,0.0,0.0,0.0,0.0,0.0,0,0,0,0,0.0,,,2022-11-23
CMLT05WF2,1729819G9,r2,2006-10-25,0.0,0.0,0,0.0,0.0,0.0,0.0,0.0,0.0,0,0,0,0,0.0,,,2022-11-23
CMLT06AMC1,17309PAS5,a1,2006-11-27,602007000.0,588568707.6,978,564815417.4,938.2206809,2948483.99,4.89775699,23753290.2,39.45683389,0,0,0,0,5.465,0.145,,2022-11-23
CMLT06AMC1,17309PAA4,a2a,2006-11-27,208254000.0,198702661.8,954,180808258.1,868.2102532,979935.29,4.70548124,17894403.77,85.92585866,0,0,0,0,5.38,0.06,,2022-11-23
CMLT06AMC1,17309PAB2,a2b,2006-11-27,169186000.0,169186000.0,1000,169186000.0,1000.0,849877.67,5.02333331,0.0,0.0,0,0,0,0,5.48,0.16,,2022-11-23
CMLT06AMC1,17309PAC0,a2c,2006-11-27,7144000.0,7144000.0,1000,7144000.0,1000.0,36541.56,5.115,0.0,0.0,0,0,0,0,5.58,0.26,,2022-11-23
CMLT06AMC1,17309PAP1,ce,2006-11-27,25602284.29,25601432.88,1000,25601432.88,999.9667448,1857340.07,72.54587321,0.0,0.0,0,0,0,0,89.338525,,,2022-11-23
CMLT06AMC1,17309PAD8,m1,2006-11-27,44334000.0,44334000.0,1000,44334000.0,1000.0,227987.6,5.14250011,0.0,0.0,0,0,0,0,5.61,0.29,,2022-11-23
CMLT06AMC1,17309PAT3,m10,2006-11-27,9991000.0,9991000.0,1000,9991000.0,1000.0,71618.82,7.1683335,0.0,0.0,0,0,0,0,7.134367,2.5,,2022-11-23
CMLT06AMC1,17309PAU0,m11,2006-11-27,12488000.0,12488000.0,1000,12488000.0,1000.0,89518.15,7.1683336,0.0,0.0,0,0,0,0,7.134367,2.5,,2022-11-23
CMLT06AMC1,17309PAE6,m2,2006-11-27,51827000.0,51827000.0,1000,51827000.0,1000.0,267470.51,5.16083335,0.0,0.0,0,0,0,0,5.63,0.31,,2022-11-23
CMLT06AMC1,17309PAF3,m3,2006-11-27,21231000.0,21231000.0,1000,21231000.0,1000.0,110153.51,5.18833357,0.0,0.0,0,0,0,0,5.66,0.34,,2022-11-23
CMLT06AMC1,17309PAG1,m4,2006-11-27,17484000.0,17484000.0,1000,17484000.0,1000.0,91674.44,5.24333333,0.0,0.0,0,0,0,0,5.72,0.4,,2022-11-23
CMLT06AMC1,17309PAH9,m5,2006-11-27,22479000.0,22479000.0,1000,22479000.0,1000.0,118895.18,5.28916678,0.0,0.0,0,0,0,0,5.77,0.45,,2022-11-23
CMLT06AMC1,17309PAJ5,m6,2006-11-27,14362000.0,14362000.0,1000,14362000.0,1000.0,77279.53,5.38083345,0.0,0.0,0,0,0,0,5.87,0.55,,2022-11-23
CMLT06AMC1,17309PAK2,m7,2006-11-27,16860000.0,16860000.0,1000,16860000.0,1000.0,94893.7,5.62833333,0.0,0.0,0,0,0,0,6.14,0.82,,2022-11-23
CMLT06AMC1,17309PAL0,m8,2006-11-27,9366000.0,9366000.0,1000,9366000.0,1000.0,54689.64,5.8391672,0.0,0.0,0,0,0,0,6.37,1.05,,2022-11-23
CMLT06AMC1,17309PAM8,m9,2006-11-27,16235000.0,16235000.0,1000,16235000.0,1000.0,111169.16,6.84749985,0.0,0.0,0,0,0,0,7.134367,2.15,,2022-11-23
CMLT06AMC1,17309PAN6,p,2006-11-27,100.0,100.0,1000,100.0,1000.0,367323.44,3673234.4,0.0,0.0,0,0,0,0,0.0,,,2022-11-23
CMLT06AMC1,17309PAQ9,r,2006-11-27,0.0,0.0,0,0.0,0.0,0.0,0.0,0.0,0.0,0,0,0,0,0.0,,,2022-11-23
CMLT06AMC1,17309PAR7,rx,2006-11-27,0.0,0.0,0,0.0,0.0,0.0,0.0,0.0,0.0,0,0,0,0,0.0,,,2022-11-23
CMLT06A5,18974BAJ8,ia9,2006-11-27,100000000.0,100000000.0,1000,99662112.75,996.6211275,2500.0,0.025,337887.25,3.3788725,0,0,0,0,0.03,,,2022-11-23
CMLT06A5,18974BAP4,iaio,2006-11-27,512049751.3,512049751.3,1000,508556141.7,993.1772067,257137.24,0.50217238,3493609.62,6.82279331,0,0,0,0,0.60260685,,,2022-11-23
CMLT06A5,18974BAQ2,iia1,2006-11-27,20772000.0,20772000.0,1000,20080768.85,966.7229371,95205.0,4.58333333,691231.15,33.27706287,0,0,0,0,5.5,,,2022-11-23
CMLT06A5,18974BAR0,iiaio,2006-11-27,21785398.68,21785398.68,1000,21090663.69,968.1100631,13196.29,0.60574012,694734.98,31.88993648,0,0,0,0,0.72688814,,,2022-11-23
CMLT06A5,18974BAS8,iiia1,2006-11-27,40000000.0,40000000.0,1000,39519875.31,987.9968828,200000.0,5.0,480124.69,12.00311725,0,0,0,0,6.0,,,2022-11-23
CMLT06A5,18974BAT6,iiia2,2006-11-27,1000000.0,1000000.0,1000,1000000.0,1000.0,5000.0,5.0,0.0,0.0,0,0,0,0,6.0,,,2022-11-23
CMLT06A5,18974BAU3,iiia3,2006-11-27,10227000.0,10227000.0,1000,10227000.0,1000.0,51135.0,5.0,0.0,0.0,0,0,0,0,6.0,,,2022-11-23
CMLT06A5,18974BAV1,iiiaio,2006-11-27,21785398.68,21785398.68,1000,52388400.34,2404.748295,26989.24,1.23886831,480526.75,22.05728511,0,0,0,0,0.61259212,,,2022-11-23
CMLT06A5,03399ZZZ1,lr,2006-11-27,100.0,100.0,1000,0.0,0.0,0.0,0.0,0.0,0.0,0,0,0,0,0.0,,,2022-11-23
CMLT06A5,03399ZZZ2,pr,2006-11-27,100.0,100.0,1000,0.0,0.0,0.0,0.0,0.0,0.0,0,0,0,0,0.0,,,2022-11-23
CMLT06A5,03399ZZZ3,r,2006-11-27,100.0,100.0,1000,0.0,0.0,0.0,0.0,0.0,0.0,0,0,0,0,0.0,,,2022-11-23
CMLT06AMC1,17309PAS5,a1,2006-12-26,602007000.0,564815417.4,938,547294255.7,909.1160995,2486521.43,4.13038624,17521161.74,29.10458141,0,0,0,0,5.465,5.495,,2022-11-23
CMLT06AMC1,17309PAA4,a2a,2006-12-26,208254000.0,180808258.1,868,171966185.2,825.7521353,783602.9,3.76272677,8842072.87,42.45811783,0,0,0,0,5.38,5.41,,2022-11-23
CMLT06AMC1,17309PAB2,a2b,2006-12-26,169186000.0,169186000.0,1000,169186000.0,1000.0,746862.2,4.41444446,0.0,0.0,0,0,0,0,5.48,5.51,,2022-11-23
CMLT06AMC1,17309PAC0,a2c,2006-12-26,7144000.0,7144000.0,1000,7144000.0,1000.0,32112.28,4.495,0.0,0.0,0,0,0,0,5.58,5.61,,2022-11-23
CMLT06AMC1,17309PAP1,ce,2006-12-26,25602284.29,25601432.88,1000,25601432.88,999.9667448,2524015.96,98.58557664,0.0,0.0,0,0,0,0,118.38098,,,2022-11-23
CMLT06AMC1,17309PAD8,m1,2006-12-26,44334000.0,44334000.0,1000,44334000.0,1000.0,200352.73,4.51916655,0.0,0.0,0,0,0,0,5.61,5.64,,2022-11-23
CMLT06AMC1,17309PAT3,m10,2006-12-26,9991000.0,9991000.0,1000,9991000.0,1000.0,62937.75,6.2994445,0.0,0.0,0,0,0,0,7.82,7.85,,2022-11-23
CMLT06AMC1,17309PAU0,m11,2006-12-26,12488000.0,12488000.0,1000,12488000.0,1000.0,78667.46,6.29944427,0.0,0.0,0,0,0,0,7.82,7.85,,2022-11-23
CMLT06AMC1,17309PAE6,m2,2006-12-26,51827000.0,51827000.0,1000,51827000.0,1000.0,235049.84,4.53527775,0.0,0.0,0,0,0,0,5.63,5.66,,2022-11-23
CMLT06AMC1,17309PAF3,m3,2006-12-26,21231000.0,21231000.0,1000,21231000.0,1000.0,96801.57,4.55944468,0.0,0.0,0,0,0,0,5.66,5.69,,2022-11-23
CMLT06AMC1,17309PAG1,m4,2006-12-26,17484000.0,17484000.0,1000,17484000.0,1000.0,80562.39,4.60777797,0.0,0.0,0,0,0,0,5.72,5.75,,2022-11-23
CMLT06AMC1,17309PAH9,m5,2006-12-26,22479000.0,22479000.0,1000,22479000.0,1000.0,104483.64,4.64805552,0.0,0.0,0,0,0,0,5.77,5.8,,2022-11-23
CMLT06AMC1,17309PAJ5,m6,2006-12-26,14362000.0,14362000.0,1000,14362000.0,1000.0,67912.31,4.72861092,0.0,0.0,0,0,0,0,5.87,5.9,,2022-11-23
CMLT06AMC1,17309PAK2,m7,2006-12-26,16860000.0,16860000.0,1000,16860000.0,1000.0,83391.43,4.94611091,0.0,0.0,0,0,0,0,6.14,6.17,,2022-11-23
CMLT06AMC1,17309PAL0,m8,2006-12-26,9366000.0,9366000.0,1000,9366000.0,1000.0,48060.59,5.13138907,0.0,0.0,0,0,0,0,6.37,6.4,,2022-11-23
CMLT06AMC1,17309PAM8,m9,2006-12-26,16235000.0,16235000.0,1000,16235000.0,1000.0,97694.11,6.01749985,0.0,0.0,0,0,0,0,7.47,7.5,,2022-11-23
CMLT06AMC1,17309PAN6,p,2006-12-26,100.0,100.0,1000,100.0,1000.0,244039.81,2440398.1,0.0,0.0,0,0,0,0,0.0,,,2022-11-23
CMLT06AMC1,17309PAQ9,r,2006-12-26,0.0,0.0,0,0.0,0.0,0.0,0.0,0.0,0.0,0,0,0,0,0.0,,,2022-11-23
CMLT06AMC1,17309PAR7,rx,2006-12-26,0.0,0.0,0,0.0,0.0,0.0,0.0,0.0,0.0,0,0,0,0,0.0,,,2022-11-23
CMLT05WF2,17307GVX3,mv2,2006-12-26,6479000.0,6479000.0,1000,6479000.0,1000.0,30114.75,4.64805526,0.0,0.0,0,0,0,0,5.77,,,2022-11-23
CMLT05WF2,17307GVY1,mv3,2006-12-26,3738000.0,3738000.0,1000,3738000.0,1000.0,17916.44,4.79305511,0.0,0.0,0,0,0,0,5.95,,,2022-11-23
CMLT05WF2,17307GVZ8,mv4,2006-12-26,2492000.0,2492000.0,1000,2492000.0,1000.0,12084.82,4.84944623,0.0,0.0,0,0,0,0,6.02,,,2022-11-23
CMLT05WF2,17307GWA2,mv5,2006-12-26,2492000.0,2492000.0,1000,2492000.0,1000.0,12927.94,5.18777689,0.0,0.0,0,0,0,0,6.44,,,2022-11-23
CMLT05WF2,17307GWB0,mv6,2006-12-26,2243000.0,2243000.0,1000,2243000.0,1000.0,11871.08,5.29250111,0.0,0.0,0,0,0,0,6.57,,,2022-11-23
CMLT05WF2,17307GWC8,mv7,2006-12-26,1495000.0,1495000.0,1000,1495000.0,1000.0,8815.51,5.89666221,0.0,0.0,0,0,0,0,6.62908563,,,2022-11-23
CMLT05WF2,1729819C8,p1,2006-12-26,100.0,100.0,1000,100.0,1000.0,70792.49,707924.9,0.0,0.0,0,0,0,0,0.0,,,2022-11-23
CMLT05WF2,1729819F1,p2,2006-12-26,100.0,100.0,1000,100.0,1000.0,35728.39,357283.9,0.0,0.0,0,0,0,0,0.0,,,2022-11-23
CMLT05WF2,1729819D6,r1,2006-12-26,0.0,0.0,0,0.0,0.0,0.0,0.0,0.0,0.0,0,0,0,0,0.0,,,2022-11-23
CMLT05WF2,1729819G9,r2,2006-12-26,0.0,0.0,0,0.0,0.0,0.0,0.0,0.0,0.0,0,0,0,0,0.0,,,2022-11-23
CMLT06AMC1,17309PAS5,a1,2007-01-25,602007000.0,547294255.7,909,513344396.4,852.7216402,2506151.61,4.16299413,33949859.25,56.39445928,0,0,0,0,5.495,0.145,,2022-11-23
CMLT06AMC1,17309PAA4,a2a,2007-01-25,208254000.0,171966185.2,826,145761919.3,699.9237436,775280.88,3.72276585,26204265.89,125.8283917,0,0,0,0,5.41,0.06,,2022-11-23
CMLT06AMC1,17309PAB2,a2b,2007-01-25,169186000.0,169186000.0,1000,169186000.0,1000.0,776845.72,4.59166669,0.0,0.0,0,0,0,0,5.51,0.16,,2022-11-23
CMLT06AMC1,17309PAC0,a2c,2007-01-25,7144000.0,7144000.0,1000,7144000.0,1000.0,33398.2,4.675,0.0,0.0,0,0,0,0,5.61,0.26,,2022-11-23
CMLT06AMC1,17309PAP1,ce,2007-01-25,25602284.29,25601432.88,1000,25601432.88,999.9667448,2202061.72,86.01036123,0.0,0.0,0,0,0,0,106.007478,,,2022-11-23
CMLT06AMC1,17309PAD8,m1,2007-01-25,44334000.0,44334000.0,1000,44334000.0,1000.0,208369.8,4.7,0.0,0.0,0,0,0,0,5.64,0.29,,2022-11-23
CMLT06AMC1,17309PAT3,m10,2007-01-25,9991000.0,9991000.0,1000,9991000.0,1000.0,65357.79,6.5416665,0.0,0.0,0,0,0,0,7.829414,2.5,,2022-11-23
CMLT06AMC1,17309PAU0,m11,2007-01-25,12488000.0,12488000.0,1000,12488000.0,1000.0,81692.33,6.5416664,0.0,0.0,0,0,0,0,7.829414,2.5,,2022-11-23
CMLT06AMC1,17309PAE6,m2,2007-01-25,51827000.0,51827000.0,1000,51827000.0,1000.0,244450.68,4.7166666,0.0,0.0,0,0,0,0,5.66,0.31,,2022-11-23
CMLT06AMC1,17309PAF3,m3,2007-01-25,21231000.0,21231000.0,1000,21231000.0,1000.0,100670.32,4.74166643,0.0,0.0,0,0,0,0,5.69,0.34,,2022-11-23
CMLT06AMC1,17309PAG1,m4,2007-01-25,17484000.0,17484000.0,1000,17484000.0,1000.0,83777.5,4.79166667,0.0,0.0,0,0,0,0,5.75,0.4,,2022-11-23
CMLT06AMC1,17309PAH9,m5,2007-01-25,22479000.0,22479000.0,1000,22479000.0,1000.0,108648.5,4.83333333,0.0,0.0,0,0,0,0,5.8,0.45,,2022-11-23
CMLT06AMC1,17309PAJ5,m6,2007-01-25,14362000.0,14362000.0,1000,14362000.0,1000.0,70613.17,4.9166669,0.0,0.0,0,0,0,0,5.9,0.55,,2022-11-23
CMLT06AMC1,17309PAK2,m7,2007-01-25,16860000.0,16860000.0,1000,16860000.0,1000.0,86688.5,5.14166667,0.0,0.0,0,0,0,0,6.17,0.82,,2022-11-23
CMLT06AMC1,17309PAL0,m8,2007-01-25,9366000.0,9366000.0,1000,9366000.0,1000.0,49952.0,5.33333333,0.0,0.0,0,0,0,0,6.4,1.05,,2022-11-23
CMLT06AMC1,17309PAM8,m9,2007-01-25,16235000.0,16235000.0,1000,16235000.0,1000.0,101468.75,6.25,0.0,0.0,0,0,0,0,7.5,2.15,,2022-11-23
CMLT06AMC1,17309PAN6,p,2007-01-25,100.0,100.0,1000,100.0,1000.0,298012.94,2980129.4,0.0,0.0,0,0,0,0,0.0,,,2022-11-23
CMLT06AMC1,17309PAQ9,r,2007-01-25,0.0,0.0,0,0.0,0.0,0.0,0.0,0.0,0.0,0,0,0,0,0.0,,,2022-11-23
CMLT06AMC1,17309PAR7,rx,2007-01-25,0.0,0.0,0,0.0,0.0,0.0,0.0,0.0,0.0,0,0,0,0,0.0,,,2022-11-23
CMLT05WF2,17307GVX3,mv2,2007-01-25,6479000.0,6479000.0,1000,6479000.0,1000.0,31315.17,4.83333385,0.0,0.0,0,0,0,0,5.8,,,2022-11-23
CMLT05WF2,17307GVY1,mv3,2007-01-25,3738000.0,3738000.0,1000,3738000.0,1000.0,18627.7,4.98333333,0.0,0.0,0,0,0,0,5.98,,,2022-11-23
CMLT05WF2,17307GVZ8,mv4,2007-01-25,2492000.0,2492000.0,1000,2492000.0,1000.0,12563.83,5.04166533,0.0,0.0,0,0,0,0,6.05,,,2022-11-23
CMLT05WF2,17307GWA2,mv5,2007-01-25,2492000.0,2492000.0,1000,2492000.0,1000.0,13436.03,5.39166533,0.0,0.0,0,0,0,0,6.37576181,,,2022-11-23
CMLT05WF2,17307GWB0,mv6,2007-01-25,2243000.0,2243000.0,1000,2243000.0,1000.0,12336.5,5.5,0.0,0.0,0,0,0,0,6.37576181,,,2022-11-23
CMLT05WF2,17307GWC8,mv7,2007-01-25,1495000.0,1495000.0,1000,1495000.0,1000.0,9156.88,6.12500334,0.0,0.0,0,0,0,0,6.37576181,,,2022-11-23
CMLT05WF2,1729819C8,p1,2007-01-25,100.0,100.0,1000,100.0,1000.0,69222.11,692221.1,0.0,0.0,0,0,0,0,0.0,,,2022-11-23
CMLT05WF2,1729819F1,p2,2007-01-25,100.0,100.0,1000,100.0,1000.0,31738.35,317383.5,0.0,0.0,0,0,0,0,0.0,,,2022-11-23
CMLT05WF2,1729819D6,r1,2007-01-25,0.0,0.0,0,0.0,0.0,0.0,0.0,0.0,0.0,0,0,0,0,0.0,,,2022-11-23
CMLT05WF2,1729819G9,r2,2007-01-25,0.0,0.0,0,0.0,0.0,0.0,0.0,0.0,0.0,0,0,0,0,0.0,,,2022-11-23
CMLT06AMC1,17309PAS5,a1,2007-02-26,602007000.0,513344396.4,853,498450803.4,827.9817401,2493713.0,4.14233223,14893593.02,24.73990007,0,0,0,0,5.465,5.465,,2022-11-23
CMLT06AMC1,17309PAA4,a2a,2007-02-26,208254000.0,145761919.3,700,135631601.3,651.2796934,697065.89,3.34719088,10130318.03,48.6440502,0,0,0,0,5.38,5.38,,2022-11-23
CMLT06AMC1,17309PAB2,a2b,2007-02-26,169186000.0,169186000.0,1000,169186000.0,1000.0,824123.8,4.87111108,0.0,0.0,0,0,0,0,5.48,5.48,,2022-11-23
CMLT06AMC1,17309PAC0,a2c,2007-02-26,7144000.0,7144000.0,1000,7144000.0,1000.0,35434.24,4.96,0.0,0.0,0,0,0,0,5.58,5.58,,2022-11-23
CMLT06AMC1,17309PAP1,ce,2007-02-26,25602284.29,25601432.88,1000,25601432.88,999.9667448,1806837.34,70.57328633,0.0,0.0,0,0,0,0,85.801744,,,2022-11-23
CMLT06AMC1,17309PAD8,m1,2007-02-26,44334000.0,44334000.0,1000,44334000.0,1000.0,221078.88,4.98666667,0.0,0.0,0,0,0,0,5.61,5.61,,2022-11-23
CMLT06AMC1,17309PAT3,m10,2007-02-26,9991000.0,9991000.0,1000,9991000.0,1000.0,69448.55,6.951111,0.0,0.0,0,0,0,0,7.31962,7.3196198,,2022-11-23
CMLT06AMC1,17309PAU0,m11,2007-02-26,12488000.0,12488000.0,1000,12488000.0,1000.0,86805.48,6.95111147,0.0,0.0,0,0,0,0,7.31962,7.3196198,,2022-11-23
CMLT06AMC1,17309PAE6,m2,2007-02-26,51827000.0,51827000.0,1000,51827000.0,1000.0,259365.34,5.0044444,0.0,0.0,0,0,0,0,5.63,5.63,,2022-11-23
CMLT06AMC1,17309PAF3,m3,2007-02-26,21231000.0,21231000.0,1000,21231000.0,1000.0,106815.52,5.03111111,0.0,0.0,0,0,0,0,5.66,5.66,,2022-11-23
CMLT06AMC1,17309PAG1,m4,2007-02-26,17484000.0,17484000.0,1000,17484000.0,1000.0,88896.43,5.08444464,0.0,0.0,0,0,0,0,5.72,5.72,,2022-11-23
CMLT06AMC1,17309PAH9,m5,2007-02-26,22479000.0,22479000.0,1000,22479000.0,1000.0,115292.29,5.12888874,0.0,0.0,0,0,0,0,5.77,5.77,,2022-11-23
CMLT06AMC1,17309PAJ5,m6,2007-02-26,14362000.0,14362000.0,1000,14362000.0,1000.0,74937.72,5.21777747,0.0,0.0,0,0,0,0,5.87,5.87,,2022-11-23
CMLT06AMC1,17309PAK2,m7,2007-02-26,16860000.0,16860000.0,1000,16860000.0,1000.0,92018.13,5.45777758,0.0,0.0,0,0,0,0,6.14,6.14,,2022-11-23
CMLT06AMC1,17309PAL0,m8,2007-02-26,9366000.0,9366000.0,1000,9366000.0,1000.0,53032.37,5.66222187,0.0,0.0,0,0,0,0,6.37,6.37,,2022-11-23
CMLT06AMC1,17309PAM8,m9,2007-02-26,16235000.0,16235000.0,1000,16235000.0,1000.0,107800.4,6.64,0.0,0.0,0,0,0,0,7.31962,7.3196198,,2022-11-23
CMLT06AMC1,17309PAN6,p,2007-02-26,100.0,100.0,1000,100.0,1000.0,237975.0,2379750.0,0.0,0.0,0,0,0,0,0.0,,,2022-11-23
CMLT06AMC1,17309PAQ9,r,2007-02-26,0.0,0.0,0,0.0,0.0,0.0,0.0,0.0,0.0,0,0,0,0,0.0,,,2022-11-23
CMLT06AMC1,17309PAR7,rx,2007-02-26,0.0,0.0,0,0.0,0.0,0.0,0.0,0.0,0.0,0,0,0,0,0.0,,,2022-11-23
CMLT06AMC1,17309PAS5,a1,2007-03-26,602007000.0,498450803.4,828,484105615.7,804.1528017,2118692.83,3.51938238,14345187.74,23.82893843,0,0,0,0,5.465,5.465,,2022-11-23
CMLT06AMC1,17309PAA4,a2a,2007-03-26,208254000.0,135631601.3,651,129690401.7,622.7510719,567542.9,2.72524369,5941199.55,28.52862154,0,0,0,0,5.38,5.38,,2022-11-23
CMLT06AMC1,17309PAB2,a2b,2007-03-26,169186000.0,169186000.0,1000,169186000.0,1000.0,721108.33,4.26222223,0.0,0.0,0,0,0,0,5.48,5.48,,2022-11-23
CMLT06AMC1,17309PAC0,a2c,2007-03-26,7144000.0,7144000.0,1000,7144000.0,1000.0,31004.96,4.34,0.0,0.0,0,0,0,0,5.58,5.58,,2022-11-23
CMLT06AMC1,17309PAP1,ce,2007-03-26,25602284.29,25601432.88,1000,25601432.88,999.9667448,2410896.55,94.16724393,0.0,0.0,0,0,0,0,113.37533,,,2022-11-23
CMLT06AMC1,17309PAD8,m1,2007-03-26,44334000.0,44334000.0,1000,44334000.0,1000.0,193444.02,4.36333333,0.0,0.0,0,0,0,0,5.61,5.61,,2022-11-23
CMLT06AMC1,17309PAT3,m10,2007-03-26,9991000.0,9991000.0,1000,9991000.0,1000.0,60767.48,6.082222,0.0,0.0,0,0,0,0,7.82,7.82,,2022-11-23
CMLT06AMC1,17309PAU0,m11,2007-03-26,12488000.0,12488000.0,1000,12488000.0,1000.0,75954.79,6.08222213,0.0,0.0,0,0,0,0,7.82,7.82,,2022-11-23
CMLT06AMC1,17309PAE6,m2,2007-03-26,51827000.0,51827000.0,1000,51827000.0,1000.0,226944.67,4.3788888,0.0,0.0,0,0,0,0,5.63,5.63,,2022-11-23
CMLT06AMC1,17309PAF3,m3,2007-03-26,21231000.0,21231000.0,1000,21231000.0,1000.0,93463.58,4.40222222,0.0,0.0,0,0,0,0,5.66,5.66,,2022-11-23
CMLT06AMC1,17309PAG1,m4,2007-03-26,17484000.0,17484000.0,1000,17484000.0,1000.0,77784.37,4.4488887,0.0,0.0,0,0,0,0,5.72,5.72,,2022-11-23
CMLT06AMC1,17309PAH9,m5,2007-03-26,22479000.0,22479000.0,1000,22479000.0,1000.0,100880.76,4.48777793,0.0,0.0,0,0,0,0,5.77,5.77,,2022-11-23
CMLT06AMC1,17309PAJ5,m6,2007-03-26,14362000.0,14362000.0,1000,14362000.0,1000.0,65570.51,4.56555563,0.0,0.0,0,0,0,0,5.87,5.87,,2022-11-23
CMLT06AMC1,17309PAK2,m7,2007-03-26,16860000.0,16860000.0,1000,16860000.0,1000.0,80515.87,4.77555575,0.0,0.0,0,0,0,0,6.14,6.14,,2022-11-23
CMLT06AMC1,17309PAL0,m8,2007-03-26,9366000.0,9366000.0,1000,9366000.0,1000.0,46403.33,4.9544448,0.0,0.0,0,0,0,0,6.37,6.37,,2022-11-23
CMLT06AMC1,17309PAM8,m9,2007-03-26,16235000.0,16235000.0,1000,16235000.0,1000.0,94325.35,5.81,0.0,0.0,0,0,0,0,7.47,7.47,,2022-11-23
CMLT06AMC1,17309PAN6,p,2007-03-26,100.0,100.0,1000,100.0,1000.0,261298.83,2612988.3,0.0,0.0,0,0,0,0,0.0,,,2022-11-23
CMLT06AMC1,17309PAQ9,r,2007-03-26,0.0,0.0,0,0.0,0.0,0.0,0.0,0.0,0.0,0,0,0,0,0.0,,,2022-11-23
CMLT06AMC1,17309PAR7,rx,2007-03-26,0.0,0.0,0,0.0,0.0,0.0,0.0,0.0,0.0,0,0,0,0,0.0,,,2022-11-23
CMLT06AMC1,17309PAS5,a1,2007-05-25,602007000.0,469955991.6,781,458081820.6,760.9244089,2140257.91,3.55520436,11874170.99,19.72430718,0,0,0,0,5.465,5.465,,2022-11-23
CMLT06AMC1,17309PAA4,a2a,2007-05-25,208254000.0,121732205.4,585,114913608.1,551.7954426,545766.05,2.62067499,6818597.25,32.74173485,0,0,0,0,5.38,5.38,,2022-11-23
CMLT06AMC1,17309PAB2,a2b,2007-05-25,169186000.0,169186000.0,1000,169186000.0,1000.0,772616.07,4.56666669,0.0,0.0,0,0,0,0,5.48,5.48,,2022-11-23
CMLT06AMC1,17309PAC0,a2c,2007-05-25,7144000.0,7144000.0,1000,7144000.0,1000.0,33219.6,4.65,0.0,0.0,0,0,0,0,5.58,5.58,,2022-11-23
CMLT06AMC1,17309PAP1,ce,2007-05-25,25602284.29,25601432.88,1000,25601432.88,999.9667448,1878611.07,73.37669751,0.0,0.0,0,0,0,0,93.013341,,,2022-11-23
CMLT06AMC1,17309PAD8,m1,2007-05-25,44334000.0,44334000.0,1000,44334000.0,1000.0,207261.45,4.675,0.0,0.0,0,0,0,0,5.61,5.61,,2022-11-23
CMLT06AMC1,17309PAT3,m10,2007-05-25,9991000.0,9991000.0,1000,9991000.0,1000.0,65108.02,6.516667,0.0,0.0,0,0,0,0,7.793071,7.7930713,,2022-11-23
CMLT06AMC1,17309PAU0,m11,2007-05-25,12488000.0,12488000.0,1000,12488000.0,1000.0,81380.13,6.5166664,0.0,0.0,0,0,0,0,7.793071,7.7930713,,2022-11-23
CMLT06AMC1,17309PAE6,m2,2007-05-25,51827000.0,51827000.0,1000,51827000.0,1000.0,243155.01,4.6916667,0.0,0.0,0,0,0,0,5.63,5.63,,2022-11-23
CMLT06AMC1,17309PAF3,m3,2007-05-25,21231000.0,21231000.0,1000,21231000.0,1000.0,100139.55,4.71666667,0.0,0.0,0,0,0,0,5.66,5.66,,2022-11-23
CMLT06AMC1,17309PAG1,m4,2007-05-25,17484000.0,17484000.0,1000,17484000.0,1000.0,83340.4,4.76666667,0.0,0.0,0,0,0,0,5.72,5.72,,2022-11-23
CMLT06AMC1,17309PAH9,m5,2007-05-25,22479000.0,22479000.0,1000,22479000.0,1000.0,108086.53,4.80833356,0.0,0.0,0,0,0,0,5.77,5.77,,2022-11-23
CMLT06AMC1,17309PAJ5,m6,2007-05-25,14362000.0,14362000.0,1000,14362000.0,1000.0,70254.12,4.8916669,0.0,0.0,0,0,0,0,5.87,5.87,,2022-11-23
CMLT06AMC1,17309PAK2,m7,2007-05-25,16860000.0,16860000.0,1000,16860000.0,1000.0,86267.0,5.11666667,0.0,0.0,0,0,0,0,6.14,6.14,,2022-11-23
CMLT06AMC1,17309PAL0,m8,2007-05-25,9366000.0,9366000.0,1000,9366000.0,1000.0,49717.85,5.30833333,0.0,0.0,0,0,0,0,6.37,6.37,,2022-11-23
CMLT06AMC1,17309PAM8,m9,2007-05-25,16235000.0,16235000.0,1000,16235000.0,1000.0,101062.88,6.22500031,0.0,0.0,0,0,0,0,7.47,7.47,,2022-11-23
CMLT06AMC1,17309PAN6,p,2007-05-25,100.0,100.0,1000,100.0,1000.0,231657.01,2316570.1,0.0,0.0,0,0,0,0,0.0,,,2022-11-23
CMLT06AMC1,17309PAQ9,r,2007-05-25,0.0,0.0,0,0.0,0.0,0.0,0.0,0.0,0.0,0,0,0,0,0.0,,,2022-11-23
CMLT06AMC1,17309PAR7,rx,2007-05-25,0.0,0.0,0,0.0,0.0,0.0,0.0,0.0,0.0,0,0,0,0,0.0,,,2022-11-23
CMLT06AMC1,17309PAS5,a1,2007-06-25,602007000.0,458081820.6,761,445909890.5,740.705491,2155720.32,3.58088913,12171930.11,20.2189179,0,0,0,0,5.465,5.465,,2022-11-23
CMLT06AMC1,17309PAA4,a2a,2007-06-25,208254000.0,114913608.1,552,109373736.8,525.1939303,532369.21,2.55634566,5539871.35,26.60151234,0,0,0,0,5.38,5.38,,2022-11-23
CMLT06AMC1,17309PAB2,a2b,2007-06-25,169186000.0,169186000.0,1000,169186000.0,1000.0,798369.94,4.71888892,0.0,0.0,0,0,0,0,5.48,5.48,,2022-11-23
CMLT06AMC1,17309PAC0,a2c,2007-06-25,7144000.0,7144000.0,1000,7144000.0,1000.0,34326.92,4.805,0.0,0.0,0,0,0,0,5.58,5.58,,2022-11-23
CMLT06AMC1,17309PAP1,ce,2007-06-25,25602284.29,25601432.88,1000,25601432.88,999.9667448,1641229.11,64.10479203,0.0,0.0,0,0,0,0,85.199577,,,2022-11-23
CMLT06AMC1,17309PAD8,m1,2007-06-25,44334000.0,44334000.0,1000,44334000.0,1000.0,214170.17,4.83083345,0.0,0.0,0,0,0,0,5.61,5.61,,2022-11-23
CMLT06AMC1,17309PAT3,m10,2007-06-25,9991000.0,9991000.0,1000,9991000.0,1000.0,67278.28,6.7338885,0.0,0.0,0,0,0,0,7.541946,7.5419462,,2022-11-23
CMLT06AMC1,17309PAU0,m11,2007-06-25,12488000.0,12488000.0,1000,12488000.0,1000.0,84092.8,6.73388853,0.0,0.0,0,0,0,0,7.541946,7.5419462,,2022-11-23
CMLT06AMC1,17309PAE6,m2,2007-06-25,51827000.0,51827000.0,1000,51827000.0,1000.0,251260.18,4.84805565,0.0,0.0,0,0,0,0,5.63,5.63,,2022-11-23
CMLT06AMC1,17309PAF3,m3,2007-06-25,21231000.0,21231000.0,1000,21231000.0,1000.0,103477.54,4.87388912,0.0,0.0,0,0,0,0,5.66,5.66,,2022-11-23
CMLT06AMC1,17309PAG1,m4,2007-06-25,17484000.0,17484000.0,1000,17484000.0,1000.0,86118.41,4.92555536,0.0,0.0,0,0,0,0,5.72,5.72,,2022-11-23
CMLT06AMC1,17309PAH9,m5,2007-06-25,22479000.0,22479000.0,1000,22479000.0,1000.0,111689.41,4.96861115,0.0,0.0,0,0,0,0,5.77,5.77,,2022-11-23
CMLT06AMC1,17309PAJ5,m6,2007-06-25,14362000.0,14362000.0,1000,14362000.0,1000.0,72595.92,5.05472218,0.0,0.0,0,0,0,0,5.87,5.87,,2022-11-23
CMLT06AMC1,17309PAK2,m7,2007-06-25,16860000.0,16860000.0,1000,16860000.0,1000.0,89142.57,5.28722242,0.0,0.0,0,0,0,0,6.14,6.14,,2022-11-23
CMLT06AMC1,17309PAL0,m8,2007-06-25,9366000.0,9366000.0,1000,9366000.0,1000.0,51375.11,5.4852776,0.0,0.0,0,0,0,0,6.37,6.37,,2022-11-23
CMLT06AMC1,17309PAM8,m9,2007-06-25,16235000.0,16235000.0,1000,16235000.0,1000.0,104431.64,6.43250015,0.0,0.0,0,0,0,0,7.47,7.47,,2022-11-23
CMLT06AMC1,17309PAN6,p,2007-06-25,100.0,100.0,1000,100.0,1000.0,198582.6,1985826.0,0.0,0.0,0,0,0,0,0.0,,,2022-11-23
CMLT06AMC1,17309PAQ9,r,2007-06-25,0.0,0.0,0,0.0,0.0,0.0,0.0,0.0,0.0,0,0,0,0,0.0,,,2022-11-23
CMLT06AMC1,17309PAR7,rx,2007-06-25,0.0,0.0,0,0.0,0.0,0.0,0.0,0.0,0.0,0,0,0,0,0.0,,,2022-11-23
CMLT05WF2,17307GVX3,mv2,2007-06-25,6479000.0,6479000.0,1000,6479000.0,1000.0,32191.63,4.9686109,0.0,0.0,0,0,0,0,5.77,,,2022-11-23
CMLT05WF2,17307GVY1,mv3,2007-06-25,3738000.0,3738000.0,1000,3738000.0,1000.0,19152.06,5.12361156,0.0,0.0,0,0,0,0,5.95,,,2022-11-23
CMLT05WF2,17307GVZ8,mv4,2007-06-25,2492000.0,2492000.0,1000,2492000.0,1000.0,12918.25,5.18388844,0.0,0.0,0,0,0,0,6.02,,,2022-11-23
CMLT05WF2,17307GWA2,mv5,2007-06-25,2492000.0,2492000.0,1000,2492000.0,1000.0,13819.52,5.54555377,0.0,0.0,0,0,0,0,6.44,,,2022-11-23
CMLT05WF2,17307GWB0,mv6,2007-06-25,2243000.0,2243000.0,1000,2243000.0,1000.0,12689.77,5.65749889,0.0,0.0,0,0,0,0,6.57,,,2022-11-23
CMLT05WF2,17307GWC8,mv7,2007-06-25,1495000.0,1495000.0,1000,1495000.0,1000.0,9423.49,6.30333779,0.0,0.0,0,0,0,0,7.3196224,,,2022-11-23
CMLT05WF2,1729819C8,p1,2007-06-25,100.0,100.0,1000,100.0,1000.0,10669.31,106693.1,0.0,0.0,0,0,0,0,0.0,,,2022-11-23
CMLT05WF2,1729819F1,p2,2007-06-25,100.0,100.0,1000,100.0,1000.0,0.0,0.0,0.0,0.0,0,0,0,0,0.0,,,2022-11-23
CMLT05WF2,1729819D6,r1,2007-06-25,0.0,0.0,0,0.0,0.0,0.0,0.0,0.0,0.0,0,0,0,0,0.0,,,2022-11-23
CMLT05WF2,1729819G9,r2,2007-06-25,0.0,0.0,0,0.0,0.0,0.0,0.0,0.0,0.0,0,0,0,0,0.0,,,2022-11-23
CMLT06AMC1,17309PAS5,a1,2007-07-25,602007000.0,445909890.5,741,431088390.5,716.0853453,2030747.96,3.37329626,14821500.04,24.62014568,0,0,0,0,5.465,5.465,,2022-11-23
CMLT06AMC1,17309PAA4,a2a,2007-07-25,208254000.0,109373736.8,525,102673285.8,493.0195135,490358.92,2.35461946,6700451.0,32.17441682,0,0,0,0,5.38,5.38,,2022-11-23
CMLT06AMC1,17309PAB2,a2b,2007-07-25,169186000.0,169186000.0,1000,169186000.0,1000.0,772616.07,4.56666669,0.0,0.0,0,0,0,0,5.48,5.48,,2022-11-23
CMLT06AMC1,17309PAC0,a2c,2007-07-25,7144000.0,7144000.0,1000,7144000.0,1000.0,33219.6,4.65,0.0,0.0,0,0,0,0,5.58,5.58,,2022-11-23
CMLT06AMC1,17309PAP1,ce,2007-07-25,25602284.29,25601432.88,1000,25601432.88,999.9667448,1564438.67,61.1054331,0.0,0.0,0,0,0,0,89.837571,,,2022-11-23
CMLT06AMC1,17309PAD8,m1,2007-07-25,44334000.0,44334000.0,1000,44334000.0,1000.0,207261.45,4.675,0.0,0.0,0,0,0,0,5.61,5.61,,2022-11-23
CMLT06AMC1,17309PAT3,m10,2007-07-25,9991000.0,9991000.0,1000,9991000.0,1000.0,65108.02,6.516667,0.0,0.0,0,0,0,0,7.791979,7.7919795,,2022-11-23
CMLT06AMC1,17309PAU0,m11,2007-07-25,12488000.0,12488000.0,1000,12488000.0,1000.0,81380.13,6.5166664,0.0,0.0,0,0,0,0,7.791979,7.7919795,,2022-11-23
CMLT06AMC1,17309PAE6,m2,2007-07-25,51827000.0,51827000.0,1000,51827000.0,1000.0,243155.01,4.6916667,0.0,0.0,0,0,0,0,5.63,5.63,,2022-11-23
CMLT06AMC1,17309PAF3,m3,2007-07-25,21231000.0,21231000.0,1000,21231000.0,1000.0,100139.55,4.71666667,0.0,0.0,0,0,0,0,5.66,5.66,,2022-11-23
CMLT06AMC1,17309PAG1,m4,2007-07-25,17484000.0,17484000.0,1000,17484000.0,1000.0,83340.4,4.76666667,0.0,0.0,0,0,0,0,5.72,5.72,,2022-11-23
CMLT06AMC1,17309PAH9,m5,2007-07-25,22479000.0,22479000.0,1000,22479000.0,1000.0,108086.53,4.80833356,0.0,0.0,0,0,0,0,5.77,5.77,,2022-11-23
CMLT06AMC1,17309PAJ5,m6,2007-07-25,14362000.0,14362000.0,1000,14362000.0,1000.0,70254.12,4.8916669,0.0,0.0,0,0,0,0,5.87,5.87,,2022-11-23
CMLT06AMC1,17309PAK2,m7,2007-07-25,16860000.0,16860000.0,1000,16860000.0,1000.0,86267.0,5.11666667,0.0,0.0,0,0,0,0,6.14,6.14,,2022-11-23
CMLT06AMC1,17309PAL0,m8,2007-07-25,9366000.0,9366000.0,1000,9366000.0,1000.0,49717.85,5.30833333,0.0,0.0,0,0,0,0,6.37,6.37,,2022-11-23
CMLT06AMC1,17309PAM8,m9,2007-07-25,16235000.0,16235000.0,1000,16235000.0,1000.0,101062.88,6.22500031,0.0,0.0,0,0,0,0,7.47,7.47,,2022-11-23
CMLT06AMC1,17309PAN6,p,2007-07-25,100.0,100.0,1000,100.0,1000.0,267062.17,2670621.7,0.0,0.0,0,0,0,0,0.0,,,2022-11-23
CMLT06AMC1,17309PAQ9,r,2007-07-25,0.0,0.0,0,0.0,0.0,0.0,0.0,0.0,0.0,0,0,0,0,0.0,,,2022-11-23
CMLT06AMC1,17309PAR7,rx,2007-07-25,0.0,0.0,0,0.0,0.0,0.0,0.0,0.0,0.0,0,0,0,0,0.0,,,2022-11-23
CMLT06AMC1,17309PAS5,a1,2007-08-27,602007000.0,431088390.5,716,416814358.0,692.3746036,2159573.22,3.58728922,14274032.47,23.71074169,0,0,0,0,5.465,5.65,,2022-11-23
CMLT06AMC1,17309PAA4,a2a,2007-08-27,208254000.0,102673285.8,493,97328535.32,467.3549383,506350.42,2.4314079,5344750.44,25.66457518,0,0,0,0,5.38,5.565,,2022-11-23
CMLT06AMC1,17309PAB2,a2b,2007-08-27,169186000.0,169186000.0,1000,169186000.0,1000.0,849877.67,5.02333331,0.0,0.0,0,0,0,0,5.48,5.665,,2022-11-23
CMLT06AMC1,17309PAC0,a2c,2007-08-27,7144000.0,7144000.0,1000,7144000.0,1000.0,36541.56,5.115,0.0,0.0,0,0,0,0,5.58,5.765,,2022-11-23
CMLT06AMC1,17309PAP1,ce,2007-08-27,25602284.29,25601432.88,1000,25601432.88,999.9667448,934244.84,36.490683,0.0,0.0,0,0,0,0,67.719889,,,2022-11-23
CMLT06AMC1,17309PAD8,m1,2007-08-27,44334000.0,44334000.0,1000,44334000.0,1000.0,227987.6,5.14250011,0.0,0.0,0,0,0,0,5.61,5.795,,2022-11-23
CMLT06AMC1,17309PAT3,m10,2007-08-27,9991000.0,9991000.0,1000,9991000.0,1000.0,71618.82,7.1683335,0.0,0.0,0,0,0,0,7.081886,7.081886,,2022-11-23
CMLT06AMC1,17309PAU0,m11,2007-08-27,12488000.0,12488000.0,1000,12488000.0,1000.0,89518.15,7.1683336,0.0,0.0,0,0,0,0,7.081886,7.081886,,2022-11-23
CMLT06AMC1,17309PAE6,m2,2007-08-27,51827000.0,51827000.0,1000,51827000.0,1000.0,267470.51,5.16083335,0.0,0.0,0,0,0,0,5.63,5.815,,2022-11-23
CMLT06AMC1,17309PAF3,m3,2007-08-27,21231000.0,21231000.0,1000,21231000.0,1000.0,110153.51,5.18833357,0.0,0.0,0,0,0,0,5.66,5.845,,2022-11-23
CMLT06AMC1,17309PAG1,m4,2007-08-27,17484000.0,17484000.0,1000,17484000.0,1000.0,91674.44,5.24333333,0.0,0.0,0,0,0,0,5.72,5.905,,2022-11-23
CMLT06AMC1,17309PAH9,m5,2007-08-27,22479000.0,22479000.0,1000,22479000.0,1000.0,118895.18,5.28916678,0.0,0.0,0,0,0,0,5.77,5.955,,2022-11-23
CMLT06AMC1,17309PAJ5,m6,2007-08-27,14362000.0,14362000.0,1000,14362000.0,1000.0,77279.53,5.38083345,0.0,0.0,0,0,0,0,5.87,6.055,,2022-11-23
CMLT06AMC1,17309PAK2,m7,2007-08-27,16860000.0,16860000.0,1000,16860000.0,1000.0,94893.7,5.62833333,0.0,0.0,0,0,0,0,6.14,6.325,,2022-11-23
CMLT06AMC1,17309PAL0,m8,2007-08-27,9366000.0,9366000.0,1000,9366000.0,1000.0,54689.64,5.8391672,0.0,0.0,0,0,0,0,6.37,6.555,,2022-11-23
CMLT06AMC1,17309PAM8,m9,2007-08-27,16235000.0,16235000.0,1000,16235000.0,1000.0,111169.16,6.84749985,0.0,0.0,0,0,0,0,7.081886,7.081886,,2022-11-23
CMLT06AMC1,17309PAN6,p,2007-08-27,100.0,100.0,1000,100.0,1000.0,187863.85,1878638.5,0.0,0.0,0,0,0,0,0.0,,,2022-11-23
CMLT06AMC1,17309PAQ9,r,2007-08-27,0.0,0.0,0,0.0,0.0,0.0,0.0,0.0,0.0,0,0,0,0,0.0,,,2022-11-23
CMLT06AMC1,17309PAR7,rx,2007-08-27,0.0,0.0,0,0.0,0.0,0.0,0.0,0.0,0.0,0,0,0,0,0.0,,,2022-11-23
CMLT06AMC1,17309PAS5,a1,2007-09-25,602007000.0,416814358.0,692,404493746.0,671.9087087,1897084.24,3.15126608,12320612.02,20.46589495,0,0,0,0,5.65,0.145,,2022-12-6
CMLT06AMC1,17309PAA4,a2a,2007-09-25,208254000.0,97328535.32,467,94195496.66,452.3106239,436315.71,2.09511323,3133038.66,15.04431444,0,0,0,0,5.565,0.06,,2022-12-6
CMLT06AMC1,17309PAB2,a2b,2007-09-25,169186000.0,169186000.0,1000,169186000.0,1000.0,772075.61,4.56347221,0.0,0.0,0,0,0,0,5.665,0.16,,2022-12-6
CMLT06AMC1,17309PAC0,a2c,2007-09-25,7144000.0,7144000.0,1000,7144000.0,1000.0,33176.93,4.64402716,0.0,0.0,0,0,0,0,5.765,0.26,,2022-12-6
CMLT06AMC1,17309PAP1,ce,2007-09-25,25602284.29,25601432.88,1000,25601432.88,999.9667448,1724002.53,67.33784027,0.0,0.0,0,0,0,0,86.458665,,,2022-12-6
CMLT06AMC1,17309PAD8,m1,2007-09-25,44334000.0,44334000.0,1000,44334000.0,1000.0,206959.73,4.66819439,0.0,0.0,0,0,0,0,5.795,0.29,,2022-12-6
CMLT06AMC1,17309PAT3,m10,2007-09-25,9991000.0,9991000.0,1000,9991000.0,1000.0,64426.69,6.44847263,0.0,0.0,0,0,0,0,8.005,2.5,,2022-12-6
CMLT06AMC1,17309PAU0,m11,2007-09-25,12488000.0,12488000.0,1000,12488000.0,1000.0,80528.52,6.44847213,0.0,0.0,0,0,0,0,8.005,2.5,,2022-12-6
CMLT06AMC1,17309PAE6,m2,2007-09-25,51827000.0,51827000.0,1000,51827000.0,1000.0,242773.5,4.68430548,0.0,0.0,0,0,0,0,5.815,0.31,,2022-12-6
CMLT06AMC1,17309PAF3,m3,2007-09-25,21231000.0,21231000.0,1000,21231000.0,1000.0,99965.57,4.70847205,0.0,0.0,0,0,0,0,5.845,0.34,,2022-12-6
CMLT06AMC1,17309PAG1,m4,2007-09-25,17484000.0,17484000.0,1000,17484000.0,1000.0,83167.99,4.75680565,0.0,0.0,0,0,0,0,5.905,0.4,,2022-12-6
CMLT06AMC1,17309PAH9,m5,2007-09-25,22479000.0,22479000.0,1000,22479000.0,1000.0,107833.64,4.7970835,0.0,0.0,0,0,0,0,5.955,0.45,,2022-12-6
CMLT06AMC1,17309PAJ5,m6,2007-09-25,14362000.0,14362000.0,1000,14362000.0,1000.0,70052.65,4.87763891,0.0,0.0,0,0,0,0,6.055,0.55,,2022-12-6
CMLT06AMC1,17309PAK2,m7,2007-09-25,16860000.0,16860000.0,1000,16860000.0,1000.0,85904.04,5.09513879,0.0,0.0,0,0,0,0,6.325,0.82,,2022-12-6
CMLT06AMC1,17309PAL0,m8,2007-09-25,9366000.0,9366000.0,1000,9366000.0,1000.0,49456.38,5.2804164,0.0,0.0,0,0,0,0,6.555,1.05,,2022-12-6
CMLT06AMC1,17309PAM8,m9,2007-09-25,16235000.0,16235000.0,1000,16235000.0,1000.0,100113.58,6.16652787,0.0,0.0,0,0,0,0,7.655,2.15,,2022-12-6
CMLT06AMC1,17309PAN6,p,2007-09-25,100.0,100.0,1000,100.0,1000.0,139817.08,1398170.8,0.0,0.0,0,0,0,0,0.0,,,2022-12-6
CMLT06AMC1,17309PAQ9,r,2007-09-25,0.0,0.0,0,0.0,0.0,0.0,0.0,0.0,0.0,0,0,0,0,0.0,,,2022-12-6
CMLT06AMC1,17309PAR7,rx,2007-09-25,0.0,0.0,0,0.0,0.0,0.0,0.0,0.0,0.0,0,0,0,0,0.0,,,2022-12-6
